Temps;Distance (mm);Masse (g);K (raideur du ressort);Fluide d'amortissement;Degré d'ouverture;Date d'éxperience;Nom d'utilisateur;Numéro de l'essai
0.014903068542480469;476;1519;100;air;60;2023-03-21 15:23:10.423266;jghikl;1
0.02376866340637207;480;;;;;;;
0.03535914421081543;464;;;;;;;
0.04354572296142578;478;;;;;;;
0.05164599418640137;470;;;;;;;
0.06369829177856445;470;;;;;;;
0.07185864448547363;468;;;;;;;
0.07990288734436035;468;;;;;;;
0.09185314178466797;478;;;;;;;
0.09950804710388184;474;;;;;;;
0.1131129264831543;476;;;;;;;
0.12114310264587402;476;;;;;;;
0.12994980812072754;468;;;;;;;
0.13812017440795898;476;;;;;;;
0.13812017440795898;478;;;;;;;
0.15822243690490723;478;;;;;;;
0.1705334186553955;476;;;;;;;
0.17867398262023926;476;;;;;;;
0.186354398727417;474;;;;;;;
0.19716691970825195;480;;;;;;;
0.20522046089172363;464;;;;;;;
0.2187497615814209;478;;;;;;;
0.22783613204956055;458;;;;;;;
0.23616456985473633;470;;;;;;;
0.24840903282165527;472;;;;;;;
0.2564976215362549;480;;;;;;;
0.2688114643096924;484;;;;;;;
0.27678632736206055;468;;;;;;;
0.28489160537719727;460;;;;;;;
0.2977621555328369;474;;;;;;;
0.305661678314209;478;;;;;;;
0.31368374824523926;478;;;;;;;
0.325878381729126;478;;;;;;;
0.33440542221069336;476;;;;;;;
0.34619760513305664;478;;;;;;;
0.3548412322998047;474;;;;;;;
0.36132311820983887;476;;;;;;;
0.3715670108795166;466;;;;;;;
0.3795294761657715;478;;;;;;;
0.3917572498321533;478;;;;;;;
0.4041447639465332;474;;;;;;;
0.4123532772064209;456;;;;;;;
0.42038822174072266;482;;;;;;;
0.43265223503112793;472;;;;;;;
0.4391825199127197;476;;;;;;;
0.453277587890625;464;;;;;;;
0.4612617492675781;470;;;;;;;
0.46970319747924805;474;;;;;;;
0.48177075386047363;476;;;;;;;
0.4901454448699951;478;;;;;;;
0.5021851062774658;480;;;;;;;
0.5104660987854004;454;;;;;;;
0.5187063217163086;464;;;;;;;
0.5307695865631104;470;;;;;;;
0.5391385555267334;476;;;;;;;
0.5508613586425781;478;;;;;;;
0.5598578453063965;468;;;;;;;
0.567634105682373;480;;;;;;;
0.5801153182983398;470;;;;;;;
0.5883452892303467;478;;;;;;;
0.6004178524017334;478;;;;;;;
0.6070547103881836;462;;;;;;;
0.6212942600250244;464;;;;;;;
0.6277832984924316;474;;;;;;;
0.6373555660247803;478;;;;;;;
0.6498618125915527;470;;;;;;;
0.6498618125915527;466;;;;;;;
0.6664855480194092;476;;;;;;;
0.6779279708862305;470;;;;;;;
0.686525821685791;472;;;;;;;
0.6990220546722412;470;;;;;;;
0.7068724632263184;472;;;;;;;
0.7152621746063232;480;;;;;;;
0.7273032665252686;480;;;;;;;
0.7353017330169678;478;;;;;;;
0.743741512298584;458;;;;;;;
0.7545192241668701;470;;;;;;;
0.762758731842041;480;;;;;;;
0.7767086029052734;486;;;;;;;
0.7848899364471436;470;;;;;;;
0.7925684452056885;466;;;;;;;
0.805323600769043;474;;;;;;;
0.8135850429534912;484;;;;;;;
0.8258366584777832;458;;;;;;;
0.8338897228240967;476;;;;;;;
0.8421633243560791;460;;;;;;;
0.8547022342681885;470;;;;;;;
0.8628599643707275;456;;;;;;;
0.8749933242797852;464;;;;;;;
0.8827095031738281;442;;;;;;;
0.8950016498565674;444;;;;;;;
0.9036591053009033;442;;;;;;;
0.9117026329040527;434;;;;;;;
0.9235372543334961;420;;;;;;;
0.9315378665924072;412;;;;;;;
0.9446020126342773;400;;;;;;;
0.9527575969696045;386;;;;;;;
0.9651153087615967;368;;;;;;;
0.9733259677886963;358;;;;;;;
0.9854166507720947;340;;;;;;;
0.993851900100708;326;;;;;;;
1.0058345794677734;304;;;;;;;
1.0146749019622803;294;;;;;;;
1.0227012634277344;278;;;;;;;
1.0347609519958496;268;;;;;;;
1.0423874855041504;250;;;;;;;
1.053635835647583;226;;;;;;;
1.0618455410003662;214;;;;;;;
1.0740876197814941;204;;;;;;;
1.0838236808776855;192;;;;;;;
1.0958056449890137;172;;;;;;;
1.1043376922607422;162;;;;;;;
1.1164309978485107;152;;;;;;;
1.1226699352264404;142;;;;;;;
1.1339874267578125;124;;;;;;;
1.1451084613800049;112;;;;;;;
1.153160810470581;106;;;;;;;
1.1595821380615234;96;;;;;;;
1.1734282970428467;90;;;;;;;
1.1853089332580566;86;;;;;;;
1.193904161453247;74;;;;;;;
1.2066617012023926;74;;;;;;;
1.2138049602508545;72;;;;;;;
1.2228169441223145;66;;;;;;;
1.2352187633514404;60;;;;;;;
1.2427713871002197;62;;;;;;;
1.2552926540374756;64;;;;;;;
1.2640094757080078;66;;;;;;;
1.275085210800171;68;;;;;;;
1.2832117080688477;72;;;;;;;
1.2963881492614746;70;;;;;;;
1.3044452667236328;70;;;;;;;
1.3162362575531006;76;;;;;;;
1.3244974613189697;80;;;;;;;
1.3327453136444092;94;;;;;;;
1.3450655937194824;102;;;;;;;
1.3576021194458008;106;;;;;;;
1.3665235042572021;114;;;;;;;
1.3788130283355713;128;;;;;;;
1.3868634700775146;134;;;;;;;
1.3951916694641113;142;;;;;;;
1.4069795608520508;156;;;;;;;
1.4154026508331299;174;;;;;;;
1.427668809890747;188;;;;;;;
1.4358158111572266;200;;;;;;;
1.448028326034546;214;;;;;;;
1.4563894271850586;232;;;;;;;
1.4690146446228027;244;;;;;;;
1.4771449565887451;248;;;;;;;
1.4869823455810547;272;;;;;;;
1.4975976943969727;290;;;;;;;
1.510169506072998;308;;;;;;;
1.5181193351745605;316;;;;;;;
1.5262844562530518;332;;;;;;;
1.5385055541992188;342;;;;;;;
1.5471389293670654;346;;;;;;;
1.5556135177612305;362;;;;;;;
1.5675992965698242;382;;;;;;;
1.5756587982177734;398;;;;;;;
1.5871150493621826;404;;;;;;;
1.60009765625;424;;;;;;;
1.6083767414093018;412;;;;;;;
1.6206462383270264;442;;;;;;;
1.62888765335083;446;;;;;;;
1.6369123458862305;458;;;;;;;
1.6490988731384277;452;;;;;;;
1.6572368144989014;444;;;;;;;
1.6621294021606445;446;;;;;;;
1.6766340732574463;450;;;;;;;
1.6892848014831543;446;;;;;;;
1.69728684425354;448;;;;;;;
1.7109885215759277;436;;;;;;;
1.7187485694885254;422;;;;;;;
1.731031894683838;408;;;;;;;
1.7390358448028564;416;;;;;;;
1.7472360134124756;400;;;;;;;
1.7592248916625977;378;;;;;;;
1.767254114151001;370;;;;;;;
1.7802143096923828;346;;;;;;;
1.788374662399292;326;;;;;;;
1.8008458614349365;328;;;;;;;
1.8088805675506592;314;;;;;;;
1.8209328651428223;304;;;;;;;
1.829362154006958;286;;;;;;;
1.8416967391967773;264;;;;;;;
1.8496387004852295;260;;;;;;;
1.8622050285339355;252;;;;;;;
1.8702170848846436;232;;;;;;;
1.8785784244537354;218;;;;;;;
1.8906407356262207;204;;;;;;;
1.89935302734375;190;;;;;;;
1.9113783836364746;178;;;;;;;
1.919475793838501;164;;;;;;;
1.928659200668335;152;;;;;;;
1.9402313232421875;148;;;;;;;
1.9522507190704346;134;;;;;;;
1.9604449272155762;124;;;;;;;
1.9713029861450195;114;;;;;;;
1.9810593128204346;106;;;;;;;
1.9891257286071777;98;;;;;;;
2.0013723373413086;90;;;;;;;
2.009552001953125;86;;;;;;;
2.021847724914551;86;;;;;;;
2.02998423576355;80;;;;;;;
2.0425806045532227;78;;;;;;;
2.0505621433258057;78;;;;;;;
2.0586931705474854;74;;;;;;;
2.071004867553711;72;;;;;;;
2.079219102859497;78;;;;;;;
2.091449737548828;78;;;;;;;
2.0996882915496826;78;;;;;;;
2.111769914627075;80;;;;;;;
2.120042085647583;84;;;;;;;
2.132479429244995;90;;;;;;;
2.140601634979248;96;;;;;;;
2.1530466079711914;102;;;;;;;
2.160109043121338;110;;;;;;;
2.171821355819702;120;;;;;;;
2.1790823936462402;124;;;;;;;
2.1929657459259033;132;;;;;;;
2.200634717941284;146;;;;;;;
2.210261344909668;152;;;;;;;
2.2227561473846436;170;;;;;;;
2.2307381629943848;180;;;;;;;
2.240063190460205;192;;;;;;;
2.250720977783203;204;;;;;;;
2.2607150077819824;216;;;;;;;
2.271699905395508;240;;;;;;;
2.283238172531128;252;;;;;;;
2.290053367614746;262;;;;;;;
2.3044586181640625;276;;;;;;;
2.3124945163726807;286;;;;;;;
2.3246755599975586;300;;;;;;;
2.3324925899505615;306;;;;;;;
2.345550060272217;320;;;;;;;
2.353271007537842;334;;;;;;;
2.361611843109131;346;;;;;;;
2.3732223510742188;358;;;;;;;
2.3821935653686523;380;;;;;;;
2.3944272994995117;368;;;;;;;
2.401186466217041;396;;;;;;;
2.4148056507110596;404;;;;;;;
2.422252655029297;414;;;;;;;
2.4351813793182373;422;;;;;;;
2.4431800842285156;428;;;;;;;
2.4552862644195557;426;;;;;;;
2.4634885787963867;434;;;;;;;
2.4712777137756348;430;;;;;;;
2.4840080738067627;444;;;;;;;
2.492875814437866;432;;;;;;;
2.5041513442993164;416;;;;;;;
2.513657808303833;410;;;;;;;
2.5256361961364746;416;;;;;;;
2.5333731174468994;404;;;;;;;
2.545935869216919;400;;;;;;;
2.554100513458252;386;;;;;;;
2.5663459300994873;370;;;;;;;
2.5747928619384766;344;;;;;;;
2.583000659942627;358;;;;;;;
2.5952515602111816;340;;;;;;;
2.603264093399048;332;;;;;;;
2.6158533096313477;316;;;;;;;
2.6237385272979736;310;;;;;;;
2.636056900024414;288;;;;;;;
2.644176483154297;288;;;;;;;
2.6566832065582275;270;;;;;;;
2.6648030281066895;260;;;;;;;
2.6772594451904297;238;;;;;;;
2.6791574954986572;228;;;;;;;
2.6924386024475098;204;;;;;;;
2.7059242725372314;204;;;;;;;
2.714125633239746;190;;;;;;;
2.726163148880005;182;;;;;;;
2.7322728633880615;166;;;;;;;
2.747218132019043;160;;;;;;;
2.7550041675567627;148;;;;;;;
2.7672791481018066;134;;;;;;;
2.775332450866699;132;;;;;;;
2.787743330001831;126;;;;;;;
2.7962470054626465;112;;;;;;;
2.806607723236084;106;;;;;;;
2.816382646560669;104;;;;;;;
2.8247640132904053;104;;;;;;;
2.836899757385254;94;;;;;;;
2.8450474739074707;96;;;;;;;
2.857156276702881;88;;;;;;;
2.86515736579895;86;;;;;;;
2.8736307621002197;88;;;;;;;
2.8854434490203857;88;;;;;;;
2.894528865814209;86;;;;;;;
2.90659236907959;94;;;;;;;
2.9145238399505615;82;;;;;;;
2.9269847869873047;100;;;;;;;
2.9352235794067383;98;;;;;;;
2.947282314300537;104;;;;;;;
2.9557530879974365;106;;;;;;;
2.9679296016693115;116;;;;;;;
2.9757041931152344;120;;;;;;;
2.988308906555176;110;;;;;;;
2.996629238128662;120;;;;;;;
3.0072386264801025;144;;;;;;;
3.017643451690674;150;;;;;;;
3.0297393798828125;164;;;;;;;
3.037099838256836;178;;;;;;;
3.047628879547119;186;;;;;;;
3.0581493377685547;202;;;;;;;
3.070368766784668;198;;;;;;;
3.0787956714630127;226;;;;;;;
3.087184190750122;240;;;;;;;
3.0985074043273926;250;;;;;;;
3.107262134552002;264;;;;;;;
3.119537115097046;274;;;;;;;
3.1277456283569336;290;;;;;;;
3.140005350112915;298;;;;;;;
3.1482698917388916;316;;;;;;;
3.1604886054992676;310;;;;;;;
3.1686792373657227;334;;;;;;;
3.1800732612609863;336;;;;;;;
3.1852574348449707;352;;;;;;;
3.201665163040161;362;;;;;;;
3.2084004878997803;372;;;;;;;
3.2168524265289307;368;;;;;;;
3.2287440299987793;394;;;;;;;
3.2375779151916504;392;;;;;;;
3.249673843383789;408;;;;;;;
3.2576842308044434;410;;;;;;;
3.269455909729004;398;;;;;;;
3.2780487537384033;396;;;;;;;
3.29006028175354;410;;;;;;;
3.2983148097991943;412;;;;;;;
3.312044143676758;404;;;;;;;
3.320516586303711;404;;;;;;;
3.3264293670654297;398;;;;;;;
3.340698003768921;378;;;;;;;
3.3489205837249756;390;;;;;;;
3.361042022705078;374;;;;;;;
3.3677425384521484;378;;;;;;;
3.380560874938965;352;;;;;;;
3.388491630554199;342;;;;;;;
3.4019775390625;336;;;;;;;
3.4107367992401123;336;;;;;;;
3.4226605892181396;318;;;;;;;
3.4309072494506836;308;;;;;;;
3.4431543350219727;294;;;;;;;
3.451308250427246;290;;;;;;;
3.4594810009002686;274;;;;;;;
3.4704277515411377;256;;;;;;;
3.4799787998199463;244;;;;;;;
3.4919824600219727;236;;;;;;;
3.4999804496765137;224;;;;;;;
3.5122604370117188;212;;;;;;;
3.5203545093536377;200;;;;;;;
3.533052444458008;190;;;;;;;
3.541409969329834;180;;;;;;;
3.5538079738616943;170;;;;;;;
3.5619349479675293;162;;;;;;;
3.5741329193115234;154;;;;;;;
3.582061290740967;142;;;;;;;
3.590574026107788;132;;;;;;;
3.6025233268737793;128;;;;;;;
3.6105446815490723;118;;;;;;;
3.6237595081329346;120;;;;;;;
3.6311075687408447;110;;;;;;;
3.6437742710113525;108;;;;;;;
3.6520276069641113;102;;;;;;;
3.664285659790039;104;;;;;;;
3.672427177429199;102;;;;;;;
3.684203624725342;102;;;;;;;
3.684203624725342;98;;;;;;;
3.6991825103759766;94;;;;;;;
3.713345766067505;94;;;;;;;
3.7214415073394775;100;;;;;;;
3.734039068222046;104;;;;;;;
3.7421653270721436;106;;;;;;;
3.754439353942871;114;;;;;;;
3.761014223098755;112;;;;;;;
3.7734949588775635;120;;;;;;;
3.7827258110046387;126;;;;;;;
3.795379400253296;132;;;;;;;
3.803403854370117;134;;;;;;;
3.816035032272339;148;;;;;;;
3.823643445968628;150;;;;;;;
3.8362181186676025;162;;;;;;;
3.8443100452423096;176;;;;;;;
3.852674722671509;186;;;;;;;
3.8640339374542236;192;;;;;;;
3.8731603622436523;210;;;;;;;
3.885183572769165;218;;;;;;;
3.8935317993164062;228;;;;;;;
3.9059386253356934;238;;;;;;;
3.9141759872436523;260;;;;;;;
3.926452159881592;264;;;;;;;
3.934648275375366;266;;;;;;;
3.9464688301086426;290;;;;;;;
3.9550726413726807;298;;;;;;;
3.9675443172454834;306;;;;;;;
3.975705862045288;320;;;;;;;
3.987891435623169;324;;;;;;;
3.9959161281585693;344;;;;;;;
4.003945827484131;334;;;;;;;
4.016491651535034;338;;;;;;;
4.025136232376099;358;;;;;;;
4.03714394569397;372;;;;;;;
4.041547060012817;374;;;;;;;
4.057547092437744;382;;;;;;;
4.065591096878052;372;;;;;;;
4.0778648853302;392;;;;;;;
4.086213111877441;390;;;;;;;
4.098977088928223;392;;;;;;;
4.103152275085449;398;;;;;;;
4.114553689956665;400;;;;;;;
4.127201080322266;394;;;;;;;
4.1353514194488525;388;;;;;;;
4.14724588394165;382;;;;;;;
4.155812740325928;376;;;;;;;
4.168014764785767;364;;;;;;;
4.176333665847778;364;;;;;;;
4.188650369644165;344;;;;;;;
4.196726560592651;346;;;;;;;
4.202176094055176;336;;;;;;;
4.216721296310425;326;;;;;;;
4.22538161277771;302;;;;;;;
4.237501621246338;314;;;;;;;
4.245689630508423;294;;;;;;;
4.258202791213989;288;;;;;;;
4.266149520874023;278;;;;;;;
4.278184652328491;270;;;;;;;
4.286463975906372;254;;;;;;;
4.298715114593506;244;;;;;;;
4.307267427444458;234;;;;;;;
4.31941294670105;222;;;;;;;
4.3276472091674805;208;;;;;;;
4.336015701293945;202;;;;;;;
4.348268985748291;192;;;;;;;
4.356522798538208;182;;;;;;;
4.368653297424316;168;;;;;;;
4.376736879348755;160;;;;;;;
4.389852285385132;154;;;;;;;
4.3973565101623535;152;;;;;;;
4.409079074859619;132;;;;;;;
4.417332887649536;130;;;;;;;
4.430604696273804;128;;;;;;;
4.4346606731414795;122;;;;;;;
4.450685024261475;120;;;;;;;
4.4586827754974365;116;;;;;;;
4.466793060302734;112;;;;;;;
4.479133605957031;108;;;;;;;
4.487196922302246;106;;;;;;;
4.4999706745147705;104;;;;;;;
4.508667469024658;114;;;;;;;
4.517000436782837;108;;;;;;;
4.528517246246338;108;;;;;;;
4.541093111038208;110;;;;;;;
4.549009561538696;112;;;;;;;
4.558984994888306;118;;;;;;;
4.567030429840088;118;;;;;;;
4.574887275695801;120;;;;;;;
4.590003967285156;132;;;;;;;
4.598188161849976;134;;;;;;;
4.610435724258423;142;;;;;;;
4.618664741516113;144;;;;;;;
4.629432439804077;154;;;;;;;
4.6391520500183105;156;;;;;;;
4.65140175819397;178;;;;;;;
4.659602642059326;164;;;;;;;
4.672134876251221;180;;;;;;;
4.680160045623779;212;;;;;;;
4.692336082458496;210;;;;;;;
4.700676441192627;224;;;;;;;
4.713291883468628;234;;;;;;;
4.721351861953735;250;;;;;;;
4.729331970214844;252;;;;;;;
4.741382122039795;268;;;;;;;
4.749500036239624;274;;;;;;;
4.760924816131592;286;;;;;;;
4.769222974777222;282;;;;;;;
4.782183885574341;304;;;;;;;
4.790661096572876;308;;;;;;;
4.802954435348511;320;;;;;;;
4.810208797454834;328;;;;;;;
4.823518514633179;342;;;;;;;
4.8316380977630615;344;;;;;;;
4.843876838684082;358;;;;;;;
4.852101802825928;354;;;;;;;
4.864218235015869;364;;;;;;;
4.871860980987549;366;;;;;;;
4.881053924560547;374;;;;;;;
4.893067836761475;372;;;;;;;
4.901289463043213;380;;;;;;;
4.911853313446045;368;;;;;;;
4.921528577804565;378;;;;;;;
4.932273626327515;374;;;;;;;
4.940393686294556;372;;;;;;;
4.951014757156372;362;;;;;;;
4.962793350219727;366;;;;;;;
4.971076011657715;354;;;;;;;
4.98321008682251;346;;;;;;;
4.991327524185181;346;;;;;;;
5.00368070602417;344;;;;;;;
5.012007713317871;328;;;;;;;
5.024250268936157;330;;;;;;;
5.0301899909973145;314;;;;;;;
5.044780969619751;316;;;;;;;
5.0528175830841064;302;;;;;;;
5.06533670425415;292;;;;;;;
5.073338747024536;278;;;;;;;
5.081448554992676;278;;;;;;;
5.09375;258;;;;;;;
5.102080583572388;256;;;;;;;
5.114694595336914;234;;;;;;;
5.122325658798218;234;;;;;;;
5.1346755027771;218;;;;;;;
5.142932176589966;204;;;;;;;
5.155496120452881;186;;;;;;;
5.16332221031189;182;;;;;;;
5.175734996795654;184;;;;;;;
5.183879137039185;176;;;;;;;
5.196138620376587;164;;;;;;;
5.204347372055054;158;;;;;;;
5.211308002471924;154;;;;;;;
5.225279331207275;146;;;;;;;
5.22896671295166;120;;;;;;;
5.24531626701355;132;;;;;;;
5.253528833389282;128;;;;;;;
5.265896797180176;124;;;;;;;
5.272331714630127;120;;;;;;;
5.2862708568573;118;;;;;;;
5.29454493522644;118;;;;;;;
5.306683540344238;114;;;;;;;
5.314753532409668;118;;;;;;;
5.327530384063721;120;;;;;;;
5.3355491161346436;114;;;;;;;
5.3433215618133545;118;;;;;;;
5.355824947357178;118;;;;;;;
5.363941669464111;124;;;;;;;
5.376368284225464;124;;;;;;;
5.384589433670044;122;;;;;;;
5.394615173339844;134;;;;;;;
5.4054176807403564;140;;;;;;;
5.417306184768677;140;;;;;;;
5.422402620315552;148;;;;;;;
5.434485197067261;150;;;;;;;
5.445800542831421;160;;;;;;;
5.4580652713775635;176;;;;;;;
5.465825796127319;170;;;;;;;
5.478682279586792;188;;;;;;;
5.4869160652160645;202;;;;;;;
5.494693279266357;206;;;;;;;
5.507259130477905;224;;;;;;;
5.515844821929932;224;;;;;;;
5.527979135513306;238;;;;;;;
5.536111831665039;244;;;;;;;
5.548032283782959;252;;;;;;;
5.554974794387817;272;;;;;;;
5.568033218383789;276;;;;;;;
5.577073097229004;288;;;;;;;
5.589009523391724;298;;;;;;;
5.597527027130127;296;;;;;;;
5.609832048416138;308;;;;;;;
5.618100643157959;316;;;;;;;
5.630648136138916;316;;;;;;;
5.638226509094238;328;;;;;;;
5.646498680114746;340;;;;;;;
5.658989429473877;340;;;;;;;
5.667256116867065;346;;;;;;;
5.67982292175293;348;;;;;;;
5.687835454940796;346;;;;;;;
5.699927091598511;354;;;;;;;
5.708252191543579;362;;;;;;;
5.718311786651611;362;;;;;;;
5.728165149688721;362;;;;;;;
5.7406816482543945;360;;;;;;;
5.7469401359558105;354;;;;;;;
5.754881858825684;354;;;;;;;
5.768403053283691;348;;;;;;;
5.775990962982178;344;;;;;;;
5.789880752563477;348;;;;;;;
5.795185565948486;320;;;;;;;
5.8075480461120605;332;;;;;;;
5.815732955932617;328;;;;;;;
5.829099178314209;320;;;;;;;
5.837799787521362;312;;;;;;;
5.843839883804321;304;;;;;;;
5.85946798324585;284;;;;;;;
5.86767840385437;282;;;;;;;
5.879591941833496;278;;;;;;;
5.886112213134766;280;;;;;;;
5.900460958480835;268;;;;;;;
5.9055495262146;262;;;;;;;
5.920717000961304;246;;;;;;;
5.928478240966797;236;;;;;;;
5.940498113632202;230;;;;;;;
5.946793556213379;218;;;;;;;
5.959325313568115;192;;;;;;;
5.970049619674683;196;;;;;;;
5.980064153671265;190;;;;;;;
5.990589618682861;184;;;;;;;
5.998608589172363;176;;;;;;;
6.008480072021484;170;;;;;;;
6.017746686935425;164;;;;;;;
6.030998945236206;148;;;;;;;
6.0397021770477295;148;;;;;;;
6.050751447677612;144;;;;;;;
6.05894136428833;140;;;;;;;
6.071624279022217;134;;;;;;;
6.080575227737427;128;;;;;;;
6.092472553253174;132;;;;;;;
6.100955009460449;124;;;;;;;
6.112861156463623;124;;;;;;;
6.121028900146484;128;;;;;;;
6.128615856170654;122;;;;;;;
6.140858173370361;124;;;;;;;
6.1493446826934814;126;;;;;;;
6.16256046295166;126;;;;;;;
6.1707823276519775;134;;;;;;;
6.179352045059204;128;;;;;;;
6.191246747970581;134;;;;;;;
6.203530788421631;136;;;;;;;
6.209552764892578;140;;;;;;;
6.224250316619873;146;;;;;;;
6.232408761978149;148;;;;;;;
6.2440924644470215;160;;;;;;;
6.252670049667358;164;;;;;;;
6.264474868774414;162;;;;;;;
6.2720582485198975;172;;;;;;;
6.281363010406494;190;;;;;;;
6.293147802352905;194;;;;;;;
6.299249887466431;198;;;;;;;
6.314089059829712;216;;;;;;;
6.322463035583496;220;;;;;;;
6.33380913734436;230;;;;;;;
6.341267347335815;236;;;;;;;
6.354803800582886;238;;;;;;;
6.362535238265991;260;;;;;;;
6.375540256500244;272;;;;;;;
6.382278203964233;280;;;;;;;
6.396019458770752;286;;;;;;;
6.40382981300354;286;;;;;;;
6.415427923202515;304;;;;;;;
6.424709320068359;304;;;;;;;
6.436551332473755;312;;;;;;;
6.445303201675415;320;;;;;;;
6.453041076660156;314;;;;;;;
6.464602947235107;328;;;;;;;
6.4738609790802;344;;;;;;;
6.485527038574219;336;;;;;;;
6.494007587432861;346;;;;;;;
6.506618022918701;340;;;;;;;
6.51502537727356;330;;;;;;;
6.526885986328125;346;;;;;;;
6.534938097000122;350;;;;;;;
6.547468185424805;352;;;;;;;
6.555599927902222;350;;;;;;;
6.564190149307251;336;;;;;;;
6.575905084609985;342;;;;;;;
6.584384441375732;324;;;;;;;
6.596920013427734;338;;;;;;;
6.604606866836548;330;;;;;;;
6.6171934604644775;328;;;;;;;
6.624942064285278;322;;;;;;;
6.636035919189453;318;;;;;;;
6.644085884094238;300;;;;;;;
6.656757116317749;308;;;;;;;
6.664351940155029;292;;;;;;;
6.67875599861145;286;;;;;;;
6.686986923217773;282;;;;;;;
6.6952126026153564;272;;;;;;;
6.707322835922241;266;;;;;;;
6.71552586555481;260;;;;;;;
6.727985382080078;234;;;;;;;
6.733590126037598;244;;;;;;;
6.748274803161621;238;;;;;;;
6.756439924240112;228;;;;;;;
6.765026330947876;212;;;;;;;
6.777045726776123;206;;;;;;;
6.789092063903809;194;;;;;;;
6.797401428222656;194;;;;;;;
6.809699058532715;174;;;;;;;
6.817625045776367;186;;;;;;;
6.825426816940308;174;;;;;;;
6.8376336097717285;168;;;;;;;
6.845681190490723;164;;;;;;;
6.857532739639282;160;;;;;;;
6.866734027862549;132;;;;;;;
6.879460334777832;134;;;;;;;
6.887261390686035;144;;;;;;;
6.899285793304443;138;;;;;;;
6.907573938369751;138;;;;;;;
6.919707775115967;136;;;;;;;
6.927911043167114;134;;;;;;;
6.940011739730835;136;;;;;;;
6.948306322097778;130;;;;;;;
6.9568541049957275;138;;;;;;;
6.968644380569458;134;;;;;;;
6.9769275188446045;136;;;;;;;
6.98994779586792;138;;;;;;;
6.997965574264526;140;;;;;;;
7.0100507736206055;142;;;;;;;
7.0186851024627686;150;;;;;;;
7.030879020690918;150;;;;;;;
7.039088249206543;144;;;;;;;
7.051537036895752;160;;;;;;;
7.059380531311035;166;;;;;;;
7.06932520866394;180;;;;;;;
7.080056667327881;186;;;;;;;
7.090980768203735;192;;;;;;;
7.099542856216431;196;;;;;;;
7.108726739883423;188;;;;;;;
7.120829105377197;218;;;;;;;
7.127039909362793;220;;;;;;;
7.141468286514282;232;;;;;;;
7.148281574249268;234;;;;;;;
7.161954641342163;248;;;;;;;
7.169623851776123;250;;;;;;;
7.181808233261108;264;;;;;;;
7.190262317657471;272;;;;;;;
7.2024712562561035;270;;;;;;;
7.210880517959595;266;;;;;;;
7.223182916641235;294;;;;;;;
7.231020212173462;296;;;;;;;
7.240823268890381;304;;;;;;;
7.251948356628418;310;;;;;;;
7.26277232170105;318;;;;;;;
7.271461248397827;318;;;;;;;
7.280747652053833;320;;;;;;;
7.293195486068726;324;;;;;;;
7.3012237548828125;322;;;;;;;
7.312771797180176;334;;;;;;;
7.321521520614624;334;;;;;;;
7.331704616546631;338;;;;;;;
7.3413026332855225;346;;;;;;;
7.354455947875977;336;;;;;;;
7.358918190002441;334;;;;;;;
7.371721506118774;338;;;;;;;
7.383270740509033;340;;;;;;;
7.393877029418945;332;;;;;;;
7.403819561004639;338;;;;;;;
7.411253929138184;324;;;;;;;
7.424678802490234;322;;;;;;;
7.432568788528442;302;;;;;;;
7.444794178009033;308;;;;;;;
7.452979564666748;306;;;;;;;
7.465195178985596;304;;;;;;;
7.473467826843262;294;;;;;;;
7.485721826553345;286;;;;;;;
7.493767023086548;282;;;;;;;
7.506261348724365;266;;;;;;;
7.514867544174194;266;;;;;;;
7.522891044616699;262;;;;;;;
7.5342323780059814;254;;;;;;;
7.541046619415283;246;;;;;;;
7.555356502532959;232;;;;;;;
7.560974836349487;226;;;;;;;
7.574906349182129;218;;;;;;;
7.583321809768677;210;;;;;;;
7.595608949661255;206;;;;;;;
7.6036059856414795;200;;;;;;;
7.615983963012695;194;;;;;;;
7.624039173126221;182;;;;;;;
7.6376261711120605;180;;;;;;;
7.645484685897827;170;;;;;;;
7.657800674438477;172;;;;;;;
7.665819883346558;166;;;;;;;
7.673421144485474;158;;;;;;;
7.686701536178589;158;;;;;;;
7.694643259048462;150;;;;;;;
7.706573963165283;148;;;;;;;
7.715158700942993;144;;;;;;;
7.727648496627808;138;;;;;;;
7.7356486320495605;140;;;;;;;
7.741637468338013;138;;;;;;;
7.755911350250244;138;;;;;;;
7.768368721008301;136;;;;;;;
7.775120496749878;142;;;;;;;
7.788654327392578;144;;;;;;;
7.797050476074219;144;;;;;;;
7.805313587188721;150;;;;;;;
7.817936182022095;150;;;;;;;
7.825906276702881;150;;;;;;;
7.8370726108551025;156;;;;;;;
7.842279672622681;160;;;;;;;
7.858289480209351;166;;;;;;;
7.866413354873657;174;;;;;;;
7.879356145858765;172;;;;;;;
7.887432813644409;184;;;;;;;
7.899363040924072;190;;;;;;;
7.907602310180664;198;;;;;;;
7.91989541053772;192;;;;;;;
7.9281227588653564;210;;;;;;;
7.940430164337158;218;;;;;;;
7.948593378067017;230;;;;;;;
7.957115173339844;232;;;;;;;
7.968865394592285;240;;;;;;;
7.977212905883789;246;;;;;;;
7.98946213722229;256;;;;;;;
7.997408390045166;248;;;;;;;
8.010013103485107;268;;;;;;;
8.018066644668579;276;;;;;;;
8.030486345291138;290;;;;;;;
8.038755655288696;284;;;;;;;
8.050775289535522;292;;;;;;;
8.059692144393921;296;;;;;;;
8.071458101272583;306;;;;;;;
8.07966947555542;310;;;;;;;
8.091910362243652;314;;;;;;;
8.100234985351562;300;;;;;;;
8.108048677444458;320;;;;;;;
8.12015151977539;320;;;;;;;
8.128231763839722;326;;;;;;;
8.140436887741089;328;;;;;;;
8.147380352020264;328;;;;;;;
8.161366701126099;316;;;;;;;
8.168859720230103;332;;;;;;;
8.182027101516724;334;;;;;;;
8.18950343132019;326;;;;;;;
8.201172590255737;324;;;;;;;
8.210365772247314;322;;;;;;;
8.22277545928955;314;;;;;;;
8.230147361755371;314;;;;;;;
8.242874145507812;298;;;;;;;
8.247090339660645;306;;;;;;;
8.247090339660645;302;;;;;;;
8.271877527236938;296;;;;;;;
8.280284881591797;286;;;;;;;
8.292625904083252;288;;;;;;;
8.300623416900635;278;;;;;;;
8.313010215759277;268;;;;;;;
8.320807933807373;266;;;;;;;
8.332782745361328;262;;;;;;;
8.341506481170654;254;;;;;;;
8.353784799575806;248;;;;;;;
8.36227822303772;238;;;;;;;
8.374459266662598;240;;;;;;;
8.3824782371521;228;;;;;;;
8.389970064163208;222;;;;;;;
8.40300726890564;212;;;;;;;
8.411080598831177;200;;;;;;;
8.42365050315857;202;;;;;;;
8.431921482086182;190;;;;;;;
8.443796396255493;192;;;;;;;
8.452065467834473;186;;;;;;;
8.464633226394653;182;;;;;;;
8.472384691238403;172;;;;;;;
8.484753847122192;160;;;;;;;
8.493128061294556;154;;;;;;;
8.504145383834839;164;;;;;;;
8.514192819595337;162;;;;;;;
8.521997928619385;160;;;;;;;
8.534313917160034;152;;;;;;;
8.542473793029785;148;;;;;;;
8.554611206054688;150;;;;;;;
8.563302755355835;150;;;;;;;
8.574923992156982;154;;;;;;;
8.583805084228516;152;;;;;;;
8.5946683883667;146;;;;;;;
8.60024905204773;150;;;;;;;
8.612775564193726;154;;;;;;;
8.624444246292114;158;;;;;;;
8.636619091033936;156;;;;;;;
8.64408540725708;156;;;;;;;
8.65717339515686;166;;;;;;;
8.665621995925903;170;;;;;;;
8.673650979995728;178;;;;;;;
8.68584132194519;186;;;;;;;
8.694067001342773;186;;;;;;;
8.706406354904175;190;;;;;;;
8.714477300643921;198;;;;;;;
8.7267484664917;200;;;;;;;
8.73511791229248;206;;;;;;;
8.744600057601929;210;;;;;;;
8.753250360488892;224;;;;;;;
8.762996435165405;228;;;;;;;
8.762996435165405;224;;;;;;;
8.788251876831055;242;;;;;;;
8.792951583862305;246;;;;;;;
8.800614833831787;256;;;;;;;
8.816893577575684;264;;;;;;;
8.82493782043457;262;;;;;;;
8.83743166923523;276;;;;;;;
8.845595836639404;278;;;;;;;
8.857687711715698;288;;;;;;;
8.865805387496948;288;;;;;;;
8.877987384796143;296;;;;;;;
8.886529207229614;292;;;;;;;
8.898576259613037;306;;;;;;;
8.906696081161499;306;;;;;;;
8.916559219360352;312;;;;;;;
8.92750072479248;312;;;;;;;
8.939874172210693;318;;;;;;;
8.947979211807251;310;;;;;;;
8.956159830093384;310;;;;;;;
8.968449592590332;320;;;;;;;
8.976647138595581;320;;;;;;;
8.988899230957031;324;;;;;;;
8.997128009796143;324;;;;;;;
9.009408950805664;320;;;;;;;
9.017327785491943;320;;;;;;;
9.029868125915527;314;;;;;;;
9.038445234298706;312;;;;;;;
9.050474882125854;304;;;;;;;
9.058580160140991;314;;;;;;;
9.07081651687622;296;;;;;;;
9.079150915145874;294;;;;;;;
9.087241411209106;288;;;;;;;
9.099552631378174;278;;;;;;;
9.107765197753906;278;;;;;;;
9.119634628295898;280;;;;;;;
9.127994298934937;266;;;;;;;
9.140419483184814;266;;;;;;;
9.148670673370361;258;;;;;;;
9.160979747772217;250;;;;;;;
9.169102668762207;240;;;;;;;
9.181104183197021;242;;;;;;;
9.189837455749512;226;;;;;;;
9.201653242111206;214;;;;;;;
9.209629535675049;220;;;;;;;
9.221333026885986;214;;;;;;;
9.229474306106567;206;;;;;;;
9.238770484924316;204;;;;;;;
9.251096725463867;194;;;;;;;
9.259328365325928;188;;;;;;;
9.268203496932983;186;;;;;;;
9.27408480644226;178;;;;;;;
9.291620969772339;178;;;;;;;
9.300224542617798;172;;;;;;;
9.312471628189087;172;;;;;;;
9.320481061935425;166;;;;;;;
9.332832336425781;160;;;;;;;
9.340857028961182;160;;;;;;;
9.353231191635132;168;;;;;;;
9.361279964447021;162;;;;;;;
9.36989974975586;160;;;;;;;
9.381526947021484;162;;;;;;;
9.39037823677063;158;;;;;;;
9.402371883392334;146;;;;;;;
9.410730600357056;148;;;;;;;
9.422226667404175;162;;;;;;;
9.43051791191101;164;;;;;;;
9.443546772003174;168;;;;;;;
9.451761484146118;172;;;;;;;
9.46393895149231;170;;;;;;;
9.47188949584961;174;;;;;;;
9.482142686843872;162;;;;;;;
9.492716073989868;176;;;;;;;
9.50074553489685;182;;;;;;;
9.512368202209473;190;;;;;;;
9.521389484405518;198;;;;;;;
9.53400206565857;202;;;;;;;
9.54197072982788;210;;;;;;;
9.554197788238525;212;;;;;;;
9.562364101409912;224;;;;;;;
9.574758529663086;226;;;;;;;
9.58283019065857;238;;;;;;;
9.595088243484497;234;;;;;;;
9.603319644927979;246;;;;;;;
9.615485906600952;250;;;;;;;
9.623799085617065;260;;;;;;;
9.63622784614563;264;;;;;;;
9.644683361053467;260;;;;;;;
9.652488231658936;272;;;;;;;
9.664762258529663;284;;;;;;;
9.673030614852905;284;;;;;;;
9.685224056243896;290;;;;;;;
9.693438291549683;288;;;;;;;
9.70523977279663;294;;;;;;;
9.71405577659607;298;;;;;;;
9.72626256942749;294;;;;;;;
9.734130620956421;298;;;;;;;
9.746182918548584;312;;;;;;;
9.75483751296997;308;;;;;;;
9.766924619674683;308;;;;;;;
9.775153160095215;312;;;;;;;
9.783167839050293;316;;;;;;;
9.795429468154907;308;;;;;;;
9.804006576538086;302;;;;;;;
9.815139293670654;304;;;;;;;
9.821182012557983;314;;;;;;;
9.835507154464722;310;;;;;;;
9.844985961914062;310;;;;;;;
9.857292175292969;296;;;;;;;
9.86545705795288;300;;;;;;;
9.878002643585205;278;;;;;;;
9.886076211929321;294;;;;;;;
9.898231267929077;288;;;;;;;
9.905671834945679;280;;;;;;;
9.915099382400513;276;;;;;;;
9.925211906433105;276;;;;;;;
9.932704210281372;270;;;;;;;
9.94550609588623;252;;;;;;;
9.952302932739258;256;;;;;;;
9.965067863464355;252;;;;;;;
9.976017475128174;244;;;;;;;
9.988117456436157;244;;;;;;;
9.995583057403564;232;;;;;;;
10.008580923080444;232;;;;;;;
10.01702356338501;224;;;;;;;
10.029894828796387;204;;;;;;;
10.035527467727661;210;;;;;;;
10.046120405197144;200;;;;;;;
10.05774474143982;206;;;;;;;
10.065839290618896;196;;;;;;;
10.078218221664429;194;;;;;;;
10.086398363113403;188;;;;;;;
10.098899602890015;184;;;;;;;
10.107127666473389;178;;;;;;;
10.11586880683899;180;;;;;;;
10.124595403671265;176;;;;;;;
10.140034198760986;174;;;;;;;
10.148110151290894;170;;;;;;;
10.160316705703735;172;;;;;;;
10.168551683425903;168;;;;;;;
10.180936336517334;170;;;;;;;
10.189022064208984;170;;;;;;;
10.195537328720093;166;;;;;;;
10.209505796432495;164;;;;;;;
10.217708110809326;170;;;;;;;
10.229713439941406;166;;;;;;;
10.238338947296143;168;;;;;;;
10.24806809425354;172;;;;;;;
10.25515604019165;176;;;;;;;
10.271169185638428;172;;;;;;;
10.277931451797485;180;;;;;;;
10.291621208190918;184;;;;;;;
10.291978359222412;184;;;;;;;
10.307830095291138;188;;;;;;;
10.32021975517273;188;;;;;;;
10.328356981277466;202;;;;;;;
10.340547800064087;204;;;;;;;
10.34879469871521;210;;;;;;;
10.361360311508179;212;;;;;;;
10.369333028793335;214;;;;;;;
10.380989074707031;218;;;;;;;
10.389711141586304;234;;;;;;;
10.401790857315063;230;;;;;;;
10.410197496414185;242;;;;;;;
10.422072887420654;244;;;;;;;
10.430811166763306;252;;;;;;;
10.441745281219482;258;;;;;;;
10.449943542480469;260;;;;;;;
10.459269523620605;264;;;;;;;
10.470910549163818;282;;;;;;;
10.478928089141846;268;;;;;;;
10.492095947265625;282;;;;;;;
10.50055193901062;268;;;;;;;
10.512570142745972;286;;;;;;;
10.520416498184204;288;;;;;;;
10.532289743423462;300;;;;;;;
10.541247606277466;294;;;;;;;
10.553495407104492;302;;;;;;;
10.561450242996216;296;;;;;;;
10.572874069213867;292;;;;;;;
10.582008123397827;302;;;;;;;
10.593525886535645;308;;;;;;;
10.601253986358643;304;;;;;;;
10.614993810653687;306;;;;;;;
10.62318468093872;298;;;;;;;
10.631646394729614;308;;;;;;;
10.643653154373169;298;;;;;;;
10.651936292648315;306;;;;;;;
10.664159059524536;282;;;;;;;
10.671865940093994;294;;;;;;;
10.684614181518555;286;;;;;;;
10.692955732345581;290;;;;;;;
10.705031394958496;280;;;;;;;
10.713013648986816;280;;;;;;;
10.7255699634552;276;;;;;;;
10.733758926391602;262;;;;;;;
10.741783142089844;270;;;;;;;
10.754253625869751;266;;;;;;;
10.762420177459717;260;;;;;;;
10.77520227432251;254;;;;;;;
10.783191680908203;246;;;;;;;
10.795185327529907;244;;;;;;;
10.801864862442017;236;;;;;;;
10.815646409988403;232;;;;;;;
10.823669910430908;222;;;;;;;
10.835844278335571;222;;;;;;;
10.844346523284912;218;;;;;;;
10.856629848480225;214;;;;;;;
10.864961862564087;210;;;;;;;
10.877269983291626;204;;;;;;;
10.88532304763794;198;;;;;;;
10.897587537765503;196;;;;;;;
10.90579628944397;190;;;;;;;
10.913995742797852;186;;;;;;;
10.926385402679443;188;;;;;;;
10.934460163116455;186;;;;;;;
10.946298360824585;182;;;;;;;
10.954749822616577;180;;;;;;;
10.96613097190857;180;;;;;;;
10.975567817687988;178;;;;;;;
10.98778510093689;172;;;;;;;
10.99590253829956;172;;;;;;;
11.007843971252441;176;;;;;;;
11.016120910644531;172;;;;;;;
11.028664350509644;172;;;;;;;
11.036499977111816;182;;;;;;;
11.045102596282959;178;;;;;;;
11.054428577423096;180;;;;;;;
11.06248140335083;182;;;;;;;
11.077831983566284;182;;;;;;;
11.082707643508911;184;;;;;;;
11.098378658294678;192;;;;;;;
11.10654330253601;190;;;;;;;
11.118396520614624;192;;;;;;;
11.127318382263184;198;;;;;;;
11.13921856880188;190;;;;;;;
11.147486448287964;204;;;;;;;
11.159698486328125;212;;;;;;;
11.167969226837158;212;;;;;;;
11.176085948944092;224;;;;;;;
11.188557624816895;222;;;;;;;
11.19662857055664;228;;;;;;;
11.20907998085022;236;;;;;;;
11.217118978500366;242;;;;;;;
11.229369401931763;236;;;;;;;
11.237553596496582;244;;;;;;;
11.24984335899353;254;;;;;;;
11.257705926895142;262;;;;;;;
11.266765117645264;260;;;;;;;
11.274763107299805;270;;;;;;;
11.290438890457153;270;;;;;;;
11.298733711242676;278;;;;;;;
11.311408758163452;268;;;;;;;
11.315645933151245;288;;;;;;;
11.315645933151245;280;;;;;;;
11.340096712112427;292;;;;;;;
11.348188161849976;292;;;;;;;
11.360601663589478;284;;;;;;;
11.368927478790283;286;;;;;;;
11.377248764038086;298;;;;;;;
11.389108896255493;296;;;;;;;
11.401405811309814;298;;;;;;;
11.409610986709595;292;;;;;;;
11.421894073486328;298;;;;;;;
11.429643154144287;292;;;;;;;
11.441592454910278;298;;;;;;;
11.450178623199463;274;;;;;;;
11.459214687347412;296;;;;;;;
11.470903873443604;290;;;;;;;
11.478948831558228;290;;;;;;;
11.491294860839844;286;;;;;;;
11.499280214309692;292;;;;;;;
11.511986494064331;276;;;;;;;
11.520045757293701;274;;;;;;;
11.532562017440796;270;;;;;;;
11.538645029067993;274;;;;;;;
11.55308723449707;268;;;;;;;
11.561137914657593;266;;;;;;;
11.569981813430786;256;;;;;;;
11.5805823802948;252;;;;;;;
11.5909104347229;248;;;;;;;
11.602089881896973;242;;;;;;;
11.608517169952393;230;;;;;;;
11.621743202209473;228;;;;;;;
11.629514217376709;230;;;;;;;
11.641488790512085;230;;;;;;;
11.650148391723633;220;;;;;;;
11.662208318710327;222;;;;;;;
11.671432256698608;216;;;;;;;
11.684223651885986;210;;;;;;;
11.692263841629028;206;;;;;;;
11.704476833343506;192;;;;;;;
11.712689399719238;200;;;;;;;
11.724730253219604;202;;;;;;;
11.729159116744995;190;;;;;;;
11.745219707489014;190;;;;;;;
11.753636598587036;194;;;;;;;
11.757857084274292;182;;;;;;;
11.774120807647705;184;;;;;;;
11.782435894012451;184;;;;;;;
11.794575929641724;182;;;;;;;
11.802788019180298;180;;;;;;;
11.8148512840271;178;;;;;;;
11.82339096069336;182;;;;;;;
11.831631660461426;182;;;;;;;
11.831631660461426;186;;;;;;;
11.85582685470581;182;;;;;;;
11.864179134368896;184;;;;;;;
11.871878147125244;186;;;;;;;
11.884475231170654;190;;;;;;;
11.892496585845947;192;;;;;;;
11.905071496963501;194;;;;;;;
11.91329550743103;184;;;;;;;
11.925788640975952;200;;;;;;;
11.933838367462158;202;;;;;;;
11.946139097213745;204;;;;;;;
11.954386472702026;200;;;;;;;
11.964695930480957;214;;;;;;;
11.974307298660278;214;;;;;;;
11.986834526062012;220;;;;;;;
11.995084762573242;218;;;;;;;
12.003499269485474;228;;;;;;;
12.015503644943237;234;;;;;;;
12.023988962173462;238;;;;;;;
12.036053895950317;236;;;;;;;
12.044121742248535;248;;;;;;;
12.056560754776001;246;;;;;;;
12.064707040786743;256;;;;;;;
12.077270269393921;240;;;;;;;
12.084683179855347;250;;;;;;;
12.097670555114746;262;;;;;;;
12.105655670166016;270;;;;;;;
12.11819052696228;272;;;;;;;
12.12600827217102;278;;;;;;;
12.138670682907104;274;;;;;;;
12.146790266036987;288;;;;;;;
12.159125804901123;282;;;;;;;
12.167189359664917;286;;;;;;;
12.179569482803345;278;;;;;;;
12.187600374221802;278;;;;;;;
12.195755243301392;290;;;;;;;
12.208299160003662;292;;;;;;;
12.216063261032104;284;;;;;;;
12.228899955749512;288;;;;;;;
12.236968994140625;290;;;;;;;
12.249243259429932;290;;;;;;;
12.255707740783691;276;;;;;;;
12.270083904266357;288;;;;;;;
12.277990341186523;282;;;;;;;
12.290620803833008;284;;;;;;;
12.298365116119385;276;;;;;;;
12.3065824508667;282;;;;;;;
12.319121837615967;274;;;;;;;
12.32313871383667;282;;;;;;;
12.337209463119507;258;;;;;;;
12.34430193901062;268;;;;;;;
12.359823942184448;260;;;;;;;
12.365913152694702;260;;;;;;;
12.380802392959595;256;;;;;;;
12.388432264328003;256;;;;;;;
12.400909662246704;248;;;;;;;
12.408663511276245;246;;;;;;;
12.41721487045288;238;;;;;;;
12.428974151611328;226;;;;;;;
12.44174313545227;218;;;;;;;
12.449796676635742;226;;;;;;;
12.462026357650757;220;;;;;;;
12.469889879226685;218;;;;;;;
12.478519439697266;208;;;;;;;
12.49073839187622;212;;;;;;;
12.49889087677002;212;;;;;;;
12.511256694793701;204;;;;;;;
12.519546031951904;194;;;;;;;
12.531854629516602;180;;;;;;;
12.539767503738403;196;;;;;;;
12.55214262008667;196;;;;;;;
12.560188055038452;190;;;;;;;
12.572807550430298;196;;;;;;;
12.580997705459595;188;;;;;;;
12.593441724777222;188;;;;;;;
12.598756790161133;184;;;;;;;
12.61035966873169;190;;;;;;;
12.619436025619507;190;;;;;;;
12.63051462173462;188;;;;;;;
12.642581462860107;186;;;;;;;
12.650418519973755;188;;;;;;;
12.66100788116455;188;;;;;;;
12.671461343765259;192;;;;;;;
12.683490753173828;186;;;;;;;
12.69137978553772;192;;;;;;;
12.702640056610107;194;;;;;;;
12.70929503440857;196;;;;;;;
12.72440481185913;198;;;;;;;
12.730503797531128;190;;;;;;;
12.740872144699097;200;;;;;;;
12.750652074813843;212;;;;;;;
12.757767677307129;202;;;;;;;
12.773297548294067;216;;;;;;;
12.781598091125488;220;;;;;;;
12.794593095779419;220;;;;;;;
12.802218914031982;222;;;;;;;
12.814464569091797;212;;;;;;;
12.822469472885132;226;;;;;;;
12.83510971069336;236;;;;;;;
12.83510971069336;236;;;;;;;
12.854580879211426;240;;;;;;;
12.86356782913208;248;;;;;;;
12.87590217590332;246;;;;;;;
12.884231805801392;254;;;;;;;
12.896764278411865;262;;;;;;;
12.903451442718506;258;;;;;;;
12.909053564071655;250;;;;;;;
12.924662590026855;254;;;;;;;
12.932756900787354;274;;;;;;;
12.945976495742798;272;;;;;;;
12.954134464263916;276;;;;;;;
12.966106414794922;272;;;;;;;
12.972633600234985;280;;;;;;;
12.986520290374756;280;;;;;;;
12.99446177482605;284;;;;;;;
13.00691843032837;276;;;;;;;
13.014945030212402;286;;;;;;;
13.024515867233276;270;;;;;;;
13.03597378730774;286;;;;;;;
13.04766035079956;280;;;;;;;
13.053699970245361;284;;;;;;;
13.068050622940063;280;;;;;;;
13.076547622680664;292;;;;;;;
13.08429503440857;274;;;;;;;
13.096336603164673;284;;;;;;;
13.10544729232788;280;;;;;;;
13.117605686187744;280;;;;;;;
13.125762701034546;266;;;;;;;
13.137213468551636;276;;;;;;;
13.143873929977417;260;;;;;;;
13.15851640701294;266;;;;;;;
13.16694188117981;262;;;;;;;
13.179174184799194;260;;;;;;;
13.187519073486328;254;;;;;;;
13.199608325958252;246;;;;;;;
13.207772493362427;250;;;;;;;
13.219822883605957;250;;;;;;;
13.2279531955719;240;;;;;;;
13.235783100128174;236;;;;;;;
13.24863600730896;230;;;;;;;
13.256250858306885;230;;;;;;;
13.269092798233032;224;;;;;;;
13.277091264724731;224;;;;;;;
13.28938627243042;220;;;;;;;
13.297119617462158;208;;;;;;;
13.309598684310913;202;;;;;;;
13.317740440368652;220;;;;;;;
13.329798460006714;212;;;;;;;
13.338510513305664;206;;;;;;;
13.347420454025269;204;;;;;;;
13.347420454025269;204;;;;;;;
13.371338129043579;202;;;;;;;
13.380187749862671;198;;;;;;;
13.387442350387573;194;;;;;;;
13.399955034255981;194;;;;;;;
13.407316446304321;194;;;;;;;
13.419408559799194;190;;;;;;;
13.428630113601685;196;;;;;;;
13.44093370437622;194;;;;;;;
13.449337720870972;194;;;;;;;
13.46160364151001;182;;;;;;;
13.469375848770142;192;;;;;;;
13.481906652450562;196;;;;;;;
13.489777565002441;194;;;;;;;
13.501708269119263;198;;;;;;;
13.511027574539185;200;;;;;;;
13.52177119255066;198;;;;;;;
13.531214475631714;198;;;;;;;
13.539057731628418;206;;;;;;;
13.551250219345093;208;;;;;;;
13.55993938446045;214;;;;;;;
13.572216272354126;212;;;;;;;
13.580027103424072;218;;;;;;;
13.592241287231445;218;;;;;;;
13.600863695144653;222;;;;;;;
13.613178730010986;222;;;;;;;
13.621215105056763;226;;;;;;;
13.632893800735474;226;;;;;;;
13.64167332649231;216;;;;;;;
13.653721570968628;234;;;;;;;
13.661796808242798;244;;;;;;;
13.670544862747192;240;;;;;;;
13.680692434310913;248;;;;;;;
13.68845820426941;248;;;;;;;
13.700470209121704;260;;;;;;;
13.711470365524292;254;;;;;;;
13.72221040725708;254;;;;;;;
13.73049283027649;258;;;;;;;
13.744033575057983;244;;;;;;;
13.752282619476318;268;;;;;;;
13.764739990234375;270;;;;;;;
13.772929906845093;270;;;;;;;
13.785135984420776;270;;;;;;;
13.793425798416138;276;;;;;;;
13.805482864379883;278;;;;;;;
13.813542604446411;272;;;;;;;
13.826418161392212;276;;;;;;;
13.833780288696289;264;;;;;;;
13.846624612808228;280;;;;;;;
13.854106187820435;276;;;;;;;
13.856919288635254;274;;;;;;;
13.875463485717773;270;;;;;;;
13.883870601654053;272;;;;;;;
13.891900777816772;270;;;;;;;
13.90415906906128;276;;;;;;;
13.916232109069824;272;;;;;;;
13.924175500869751;270;;;;;;;
13.936523914337158;268;;;;;;;
13.942596197128296;266;;;;;;;
13.956981897354126;262;;;;;;;
13.965299129486084;264;;;;;;;
13.977553367614746;260;;;;;;;
13.985313892364502;262;;;;;;;
13.998202562332153;250;;;;;;;
14.006525993347168;252;;;;;;;
14.018442153930664;244;;;;;;;
14.02673053741455;250;;;;;;;
14.033855676651001;228;;;;;;;
14.046173572540283;242;;;;;;;
14.055400609970093;232;;;;;;;
14.067500352859497;234;;;;;;;
14.076024770736694;234;;;;;;;
14.088056564331055;230;;;;;;;
14.096153974533081;226;;;;;;;
14.108322858810425;224;;;;;;;
14.116965055465698;218;;;;;;;
14.12926197052002;210;;;;;;;
14.137433528900146;214;;;;;;;
14.149425268173218;214;;;;;;;
14.157196283340454;214;;;;;;;
14.170507669448853;202;;;;;;;
14.178532838821411;204;;;;;;;
14.19071626663208;204;;;;;;;
14.199405431747437;202;;;;;;;
14.207420349121094;190;;;;;;;
14.21935224533081;190;;;;;;;
14.227517366409302;204;;;;;;;
14.23983883857727;198;;;;;;;
14.247811079025269;200;;;;;;;
14.259817600250244;198;;;;;;;
14.267890691757202;200;;;;;;;
14.280674457550049;198;;;;;;;
14.288946151733398;200;;;;;;;
14.301320552825928;196;;;;;;;
14.30932092666626;190;;;;;;;
14.321797847747803;204;;;;;;;
14.329621315002441;200;;;;;;;
14.34225344657898;204;;;;;;;
14.35079836845398;206;;;;;;;
14.358626365661621;210;;;;;;;
14.37134075164795;214;;;;;;;
14.37134075164795;214;;;;;;;
14.39143443107605;212;;;;;;;
14.399653196334839;204;;;;;;;
14.411640882492065;220;;;;;;;
14.419933080673218;216;;;;;;;
14.432093381881714;226;;;;;;;
14.439839839935303;228;;;;;;;
14.452211618423462;234;;;;;;;
14.461029052734375;236;;;;;;;
14.473342657089233;230;;;;;;;
14.481340646743774;230;;;;;;;
14.49391794204712;240;;;;;;;
14.50198245048523;242;;;;;;;
14.510028839111328;252;;;;;;;
14.522340774536133;248;;;;;;;
14.530311346054077;258;;;;;;;
14.542545557022095;256;;;;;;;
14.550175428390503;260;;;;;;;
14.563876867294312;258;;;;;;;
14.571621894836426;254;;;;;;;
14.58387279510498;246;;;;;;;
14.591919422149658;266;;;;;;;
14.604276657104492;264;;;;;;;
14.612807750701904;274;;;;;;;
14.624951601028442;272;;;;;;;
14.63299822807312;276;;;;;;;
14.645278692245483;264;;;;;;;
14.653420209884644;274;;;;;;;
14.665826559066772;270;;;;;;;
14.67368769645691;274;;;;;;;
14.681918382644653;268;;;;;;;
14.694358587265015;256;;;;;;;
14.702216863632202;268;;;;;;;
14.714345455169678;270;;;;;;;
14.723156452178955;266;;;;;;;
14.735296487808228;266;;;;;;;
14.743777513504028;258;;;;;;;
14.754597425460815;266;;;;;;;
14.764216661453247;256;;;;;;;
14.776440143585205;260;;;;;;;
14.784610748291016;242;;;;;;;
14.796854972839355;262;;;;;;;
14.805072546005249;250;;;;;;;
14.817353963851929;252;;;;;;;
14.825576305389404;248;;;;;;;
14.837937355041504;240;;;;;;;
14.845530271530151;238;;;;;;;
14.853888750076294;236;;;;;;;
14.866313934326172;238;;;;;;;
14.874291896820068;238;;;;;;;
14.882954835891724;220;;;;;;;
14.882954835891724;218;;;;;;;
14.907571792602539;220;;;;;;;
14.915626287460327;224;;;;;;;
14.927923202514648;222;;;;;;;
14.935974597930908;222;;;;;;;
14.947963953018188;216;;;;;;;
14.95600700378418;218;;;;;;;
14.968186616897583;220;;;;;;;
14.976237773895264;206;;;;;;;
14.989364385604858;212;;;;;;;
14.997408628463745;210;;;;;;;
15.009492635726929;212;;;;;;;
15.018009901046753;206;;;;;;;
15.026306629180908;204;;;;;;;
15.038347005844116;210;;;;;;;
15.046499013900757;200;;;;;;;
15.058875799179077;190;;;;;;;
15.06346583366394;190;;;;;;;
15.07929015159607;210;;;;;;;
15.087763547897339;202;;;;;;;
15.099950551986694;208;;;;;;;
15.108195066452026;206;;;;;;;
15.120513677597046;210;;;;;;;
15.128666877746582;206;;;;;;;
15.137433767318726;212;;;;;;;
15.149112462997437;210;;;;;;;
15.161348581314087;200;;;;;;;
15.169775009155273;212;;;;;;;
15.176509141921997;216;;;;;;;
15.190097332000732;224;;;;;;;
15.198062181472778;220;;;;;;;
15.210608959197998;218;;;;;;;
15.218801021575928;222;;;;;;;
15.23102355003357;224;;;;;;;
15.239071369171143;228;;;;;;;
15.25032377243042;226;;;;;;;
15.260191917419434;230;;;;;;;
15.27219271659851;236;;;;;;;
15.280216217041016;236;;;;;;;
15.292488813400269;236;;;;;;;
15.300446033477783;240;;;;;;;
15.308484554290771;228;;;;;;;
15.321352005004883;232;;;;;;;
15.329083442687988;242;;;;;;;
15.341662168502808;252;;;;;;;
15.349931716918945;250;;;;;;;
15.362452507019043;256;;;;;;;
15.36683964729309;254;;;;;;;
15.382870197296143;262;;;;;;;
15.390807867050171;252;;;;;;;
15.399086475372314;262;;;;;;;
15.399086475372314;248;;;;;;;
15.423409700393677;266;;;;;;;
15.43168306350708;262;;;;;;;
15.444100379943848;264;;;;;;;
15.452263116836548;262;;;;;;;
15.464305400848389;268;;;;;;;
15.472496747970581;262;;;;;;;
15.483489751815796;266;;;;;;;
15.493282556533813;260;;;;;;;
15.501758098602295;268;;;;;;;
15.513807535171509;262;;;;;;;
15.52178168296814;262;;;;;;;
15.534135580062866;248;;;;;;;
15.540799617767334;262;;;;;;;
15.554616451263428;258;;;;;;;
15.563025712966919;262;;;;;;;
15.573403358459473;254;;;;;;;
15.583093166351318;260;;;;;;;
15.595556497573853;254;;;;;;;
15.603604078292847;258;;;;;;;
15.616143941879272;248;;;;;;;
15.622392416000366;238;;;;;;;
15.636420726776123;230;;;;;;;
15.644449710845947;248;;;;;;;
15.656421661376953;236;;;;;;;
15.665846109390259;244;;;;;;;
15.671053886413574;238;;;;;;;
15.68559193611145;236;;;;;;;
15.693971157073975;236;;;;;;;
15.705691576004028;234;;;;;;;
15.714907884597778;224;;;;;;;
15.726463556289673;226;;;;;;;
15.734717607498169;224;;;;;;;
15.747145891189575;226;;;;;;;
15.755332231521606;222;;;;;;;
15.767389297485352;220;;;;;;;
15.77580738067627;220;;;;;;;
15.786382913589478;216;;;;;;;
15.796455144882202;214;;;;;;;
15.808549880981445;214;;;;;;;
15.816713333129883;210;;;;;;;
15.82163119316101;212;;;;;;;
15.833693504333496;214;;;;;;;
15.845701456069946;212;;;;;;;
15.857715129852295;214;;;;;;;
15.865671634674072;214;;;;;;;
15.878143310546875;212;;;;;;;
15.886168003082275;192;;;;;;;
15.899056196212769;208;;;;;;;
15.903421878814697;210;;;;;;;
15.919159173965454;206;;;;;;;
15.927622556686401;212;;;;;;;
15.935652017593384;210;;;;;;;
15.947819948196411;218;;;;;;;
15.960249662399292;214;;;;;;;
15.968294620513916;202;;;;;;;
15.976711988449097;214;;;;;;;
15.988736152648926;220;;;;;;;
15.997021436691284;222;;;;;;;
16.009226322174072;222;;;;;;;
16.01713728904724;224;;;;;;;
16.028596878051758;228;;;;;;;
16.037546396255493;226;;;;;;;
16.05029010772705;228;;;;;;;
16.058389902114868;224;;;;;;;
16.070931673049927;232;;;;;;;
16.078476428985596;234;;;;;;;
16.090869665145874;236;;;;;;;
16.09914994239807;236;;;;;;;
16.111443996429443;244;;;;;;;
16.119845151901245;244;;;;;;;
16.12790322303772;244;;;;;;;
16.140321493148804;228;;;;;;;
16.14862847328186;244;;;;;;;
16.161144018173218;250;;;;;;;
16.169166564941406;254;;;;;;;
16.18122172355652;252;;;;;;;
16.189571380615234;256;;;;;;;
16.201549530029297;254;;;;;;;
16.209948778152466;262;;;;;;;
16.222225189208984;252;;;;;;;
16.230393171310425;260;;;;;;;
16.2427179813385;244;;;;;;;
16.251846313476562;256;;;;;;;
16.263161659240723;256;;;;;;;
16.27115797996521;262;;;;;;;
16.283769607543945;252;;;;;;;
16.29194211959839;260;;;;;;;
16.300092458724976;256;;;;;;;
16.312345027923584;258;;;;;;;
16.320417881011963;256;;;;;;;
16.332311153411865;260;;;;;;;
16.341025829315186;260;;;;;;;
16.353285789489746;258;;;;;;;
16.361510515213013;248;;;;;;;
16.374139308929443;256;;;;;;;
16.382010459899902;248;;;;;;;
16.39403510093689;248;;;;;;;
16.402104139328003;240;;;;;;;
16.41436505317688;250;;;;;;;
16.418766975402832;246;;;;;;;
16.434645414352417;244;;;;;;;
16.44340443611145;226;;;;;;;
16.455491065979004;244;;;;;;;
16.462149381637573;238;;;;;;;
16.47216486930847;238;;;;;;;
16.484200954437256;242;;;;;;;
16.49183487892151;236;;;;;;;
16.50486183166504;236;;;;;;;
16.51267433166504;232;;;;;;;
16.524966716766357;234;;;;;;;
16.53269362449646;232;;;;;;;
16.54579520225525;220;;;;;;;
16.554046392440796;218;;;;;;;
16.566370248794556;222;;;;;;;
16.574368000030518;228;;;;;;;
16.584020137786865;224;;;;;;;
16.591383934020996;222;;;;;;;
16.603838443756104;220;;;;;;;
16.616994380950928;224;;;;;;;
16.627853631973267;218;;;;;;;
16.633625507354736;212;;;;;;;
16.641521692276;214;;;;;;;
16.65351676940918;216;;;;;;;
16.664597511291504;218;;;;;;;
16.67424464225769;220;;;;;;;
16.68493914604187;214;;;;;;;
16.694478750228882;214;;;;;;;
16.702516794204712;218;;;;;;;
16.715389013290405;204;;;;;;;
16.726045608520508;218;;;;;;;
16.738865613937378;216;;;;;;;
16.746643543243408;214;;;;;;;
16.754799604415894;218;;;;;;;
16.763557195663452;222;;;;;;;
16.775564908981323;222;;;;;;;
16.786360263824463;224;;;;;;;
16.796056509017944;222;;;;;;;
16.808228254318237;220;;;;;;;
16.81624484062195;222;;;;;;;
16.828428983688354;224;;;;;;;
16.834895849227905;230;;;;;;;
16.849016189575195;228;;;;;;;
16.85696029663086;228;;;;;;;
16.867666482925415;224;;;;;;;
16.873884677886963;234;;;;;;;
16.890387058258057;230;;;;;;;
16.899415493011475;236;;;;;;;
16.90366291999817;236;;;;;;;
16.91852331161499;234;;;;;;;
16.9266300201416;236;;;;;;;
16.930833339691162;244;;;;;;;
16.947362422943115;224;;;;;;;
16.95910906791687;230;;;;;;;
16.96750807762146;240;;;;;;;
16.98011016845703;250;;;;;;;
16.986957550048828;242;;;;;;;
16.99774432182312;252;;;;;;;
17.00759267807007;242;;;;;;;
17.018176555633545;256;;;;;;;
17.028575897216797;246;;;;;;;
17.040816068649292;258;;;;;;;
17.04940176010132;248;;;;;;;
17.06158709526062;242;;;;;;;
17.069908618927002;252;;;;;;;
17.078161239624023;258;;;;;;;
17.090397357940674;252;;;;;;;
17.09844183921814;260;;;;;;;
17.110649824142456;254;;;;;;;
17.11889624595642;260;;;;;;;
17.131408214569092;250;;;;;;;
17.1399142742157;258;;;;;;;
17.1519775390625;236;;;;;;;
17.158167839050293;248;;;;;;;
17.17052936553955;248;;;;;;;
17.182416200637817;252;;;;;;;
17.192735195159912;248;;;;;;;
17.20097541809082;256;;;;;;;
17.213229656219482;250;;;;;;;
17.22132158279419;244;;;;;;;
17.23336410522461;242;;;;;;;
17.241652488708496;246;;;;;;;
17.254186868667603;244;;;;;;;
17.262384176254272;244;;;;;;;
17.27052330970764;242;;;;;;;
17.28288507461548;242;;;;;;;
17.291062593460083;238;;;;;;;
17.30315351486206;240;;;;;;;
17.309478759765625;238;;;;;;;
17.32319474220276;234;;;;;;;
17.329784631729126;232;;;;;;;
17.343996047973633;232;;;;;;;
17.350476264953613;232;;;;;;;
17.36469292640686;218;;;;;;;
17.37298321723938;214;;;;;;;
17.38368558883667;232;;;;;;;
17.393460035324097;226;;;;;;;
17.405752420425415;228;;;;;;;
17.41393494606018;228;;;;;;;
17.425785064697266;232;;;;;;;
17.43406105041504;226;;;;;;;
17.44213056564331;226;;;;;;;
17.455063104629517;208;;;;;;;
17.46414828300476;224;;;;;;;
17.472213983535767;220;;;;;;;
17.483534336090088;222;;;;;;;
17.492268085479736;218;;;;;;;
17.506115198135376;226;;;;;;;
17.515796899795532;226;;;;;;;
17.523827075958252;212;;;;;;;
17.536808252334595;224;;;;;;;
17.546005964279175;220;;;;;;;
17.55702495574951;224;;;;;;;
17.565576791763306;228;;;;;;;
17.57382869720459;220;;;;;;;
17.582358598709106;228;;;;;;;
17.59428572654724;226;;;;;;;
17.605737924575806;216;;;;;;;
17.614014387130737;214;;;;;;;
17.626908540725708;222;;;;;;;
17.63247799873352;226;;;;;;;
17.64669418334961;228;;;;;;;
17.654679775238037;232;;;;;;;
17.667428255081177;232;;;;;;;
17.673463106155396;230;;;;;;;
17.6883487701416;236;;;;;;;
17.696675539016724;234;;;;;;;
17.708829164505005;238;;;;;;;
17.717161178588867;234;;;;;;;
17.725252151489258;236;;;;;;;
17.737492561340332;238;;;;;;;
17.745250701904297;240;;;;;;;
17.757797718048096;240;;;;;;;
17.766302585601807;242;;;;;;;
17.777883052825928;246;;;;;;;
17.78711462020874;242;;;;;;;
17.79895520210266;242;;;;;;;
17.80707812309265;234;;;;;;;
17.815805673599243;240;;;;;;;
17.828541040420532;250;;;;;;;
17.83994436264038;246;;;;;;;
17.846308946609497;244;;;;;;;
17.860429286956787;242;;;;;;;
17.866998434066772;252;;;;;;;
17.88084650039673;244;;;;;;;
17.88884449005127;248;;;;;;;
17.901325225830078;248;;;;;;;
17.911275386810303;242;;;;;;;
17.91807246208191;244;;;;;;;
17.928590774536133;248;;;;;;;
17.93827724456787;244;;;;;;;
17.94678568840027;246;;;;;;;
17.952234268188477;240;;;;;;;
17.968472957611084;244;;;;;;;
17.976893186569214;246;;;;;;;
17.991453647613525;246;;;;;;;
17.996451377868652;240;;;;;;;
18.008222579956055;236;;;;;;;
18.020092010498047;228;;;;;;;
18.03241539001465;246;;;;;;;
18.04060173034668;238;;;;;;;
18.053560733795166;246;;;;;;;
18.06129264831543;240;;;;;;;
18.073609113693237;240;;;;;;;
18.08177089691162;236;;;;;;;
18.09001398086548;236;;;;;;;
18.1024968624115;232;;;;;;;
18.11047101020813;242;;;;;;;
18.122907876968384;228;;;;;;;
18.13120460510254;234;;;;;;;
18.140003204345703;234;;;;;;;
18.154016733169556;238;;;;;;;
18.163576126098633;234;;;;;;;
18.172017335891724;234;;;;;;;
18.1841778755188;232;;;;;;;
18.19256353378296;232;;;;;;;
18.204630851745605;224;;;;;;;
18.21285629272461;234;;;;;;;
18.225318431854248;224;;;;;;;
18.233734369277954;226;;;;;;;
18.245595932006836;226;;;;;;;
18.25379967689514;226;;;;;;;
18.25997829437256;228;;;;;;;
18.27427101135254;228;;;;;;;
18.28268265724182;226;;;;;;;
18.294785261154175;232;;;;;;;
18.30289101600647;226;;;;;;;
18.315359592437744;232;;;;;;;
18.32316756248474;210;;;;;;;
18.335713863372803;226;;;;;;;
18.339970588684082;224;;;;;;;
18.35597252845764;226;;;;;;;
18.3643856048584;224;;;;;;;
18.376851320266724;222;;;;;;;
18.384831428527832;222;;;;;;;
18.396570205688477;230;;;;;;;
18.405261039733887;214;;;;;;;
18.415833473205566;218;;;;;;;
18.42595911026001;228;;;;;;;
18.43451189994812;224;;;;;;;
18.446259021759033;232;;;;;;;
18.454451084136963;234;;;;;;;
18.45902180671692;228;;;;;;;
18.47894287109375;232;;;;;;;
18.487250089645386;230;;;;;;;
18.493410348892212;224;;;;;;;
18.50776243209839;224;;;;;;;
18.517477989196777;234;;;;;;;
18.527510166168213;238;;;;;;;
18.535953998565674;238;;;;;;;
18.54673457145691;232;;;;;;;
18.558480501174927;240;;;;;;;
18.569257259368896;238;;;;;;;
18.57739782333374;240;;;;;;;
18.585785388946533;238;;;;;;;
18.593762159347534;238;;;;;;;
18.60474967956543;224;;;;;;;
18.615570306777954;242;;;;;;;
18.623709440231323;240;;;;;;;
18.636065006256104;240;;;;;;;
18.646164178848267;236;;;;;;;
18.659046173095703;248;;;;;;;
18.665640115737915;240;;;;;;;
18.67789363861084;242;;;;;;;
18.685890197753906;242;;;;;;;
18.698463916778564;246;;;;;;;
18.708213567733765;236;;;;;;;
18.721165418624878;240;;;;;;;
18.72801113128662;238;;;;;;;
18.738868951797485;244;;;;;;;
18.747246742248535;240;;;;;;;
18.763465881347656;242;;;;;;;
18.767757892608643;238;;;;;;;
18.7769935131073;246;;;;;;;
18.79013967514038;240;;;;;;;
18.802708864212036;236;;;;;;;
18.810344696044922;240;;;;;;;
18.81882381439209;240;;;;;;;
18.82689666748047;234;;;;;;;
18.8421368598938;240;;;;;;;
18.850855588912964;240;;;;;;;
18.859909057617188;246;;;;;;;
18.870415449142456;236;;;;;;;
18.885056257247925;238;;;;;;;
18.892098903656006;240;;;;;;;
18.897189378738403;224;;;;;;;
18.90963864326477;224;;;;;;;
18.925480604171753;242;;;;;;;
18.932180166244507;238;;;;;;;
18.941665649414062;236;;;;;;;
18.947718381881714;236;;;;;;;
18.960417985916138;234;;;;;;;
18.969754934310913;236;;;;;;;
18.982167720794678;232;;;;;;;
18.990853548049927;234;;;;;;;
19.003100633621216;236;;;;;;;
19.011521100997925;232;;;;;;;
19.020241260528564;224;;;;;;;
19.03222155570984;234;;;;;;;
19.042868852615356;234;;;;;;;
19.052703380584717;228;;;;;;;
19.06476616859436;234;;;;;;;
19.072678804397583;230;;;;;;;
19.08464741706848;236;;;;;;;
19.0933039188385;230;;;;;;;
19.10557270050049;222;;;;;;;
19.11394238471985;234;;;;;;;
19.12589454650879;234;;;;;;;
19.134408712387085;232;;;;;;;
19.142679691314697;232;;;;;;;
19.1512451171875;230;;;;;;;
19.166407108306885;232;;;;;;;
19.17545247077942;228;;;;;;;
19.183744430541992;238;;;;;;;
19.19553232192993;228;;;;;;;
19.203837156295776;238;;;;;;;
19.216448068618774;226;;;;;;;
19.224608421325684;232;;;;;;;
19.236777305603027;232;;;;;;;
19.246906995773315;234;;;;;;;
19.256377458572388;236;;;;;;;
19.26617932319641;228;;;;;;;
19.27367115020752;228;;;;;;;
19.28278112411499;234;;;;;;;
19.29416584968567;218;;;;;;;
19.30631113052368;240;;;;;;;
19.31494688987732;234;;;;;;;
19.326929569244385;238;;;;;;;
19.335121154785156;232;;;;;;;
19.344624519348145;236;;;;;;;
19.353471040725708;236;;;;;;;
19.36760902404785;236;;;;;;;
19.376121520996094;232;;;;;;;
19.388537406921387;236;;;;;;;
19.396607398986816;236;;;;;;;
19.40858793258667;226;;;;;;;
19.415265321731567;238;;;;;;;
19.429323434829712;238;;;;;;;
19.43758249282837;238;;;;;;;
19.44965696334839;232;;;;;;;
19.45662212371826;238;;;;;;;
19.466227054595947;238;;;;;;;
19.478477716445923;238;;;;;;;
19.48102045059204;222;;;;;;;
19.49895167350769;236;;;;;;;
19.507142782211304;240;;;;;;;
19.51911163330078;238;;;;;;;
19.531440258026123;238;;;;;;;
19.53987717628479;234;;;;;;;
19.547726154327393;240;;;;;;;
19.559714794158936;234;;;;;;;
19.571757793426514;240;;;;;;;
19.58089017868042;236;;;;;;;
19.589192867279053;238;;;;;;;
19.601294994354248;226;;;;;;;
19.61330223083496;236;;;;;;;
19.62168264389038;236;;;;;;;
19.6297607421875;238;;;;;;;
19.63554573059082;238;;;;;;;
19.646939277648926;236;;;;;;;
19.65913987159729;236;;;;;;;
19.66775393486023;242;;;;;;;
19.67896056175232;236;;;;;;;
19.687930822372437;240;;;;;;;
19.699442386627197;238;;;;;;;
19.711885690689087;228;;;;;;;
19.718486070632935;236;;;;;;;
19.734509468078613;238;;;;;;;
19.740602731704712;230;;;;;;;
19.75264811515808;238;;;;;;;
19.760703086853027;240;;;;;;;
19.773314952850342;238;;;;;;;
19.7810115814209;236;;;;;;;
19.794134378433228;236;;;;;;;
19.80203604698181;236;;;;;;;
19.814085721969604;236;;;;;;;
19.82232904434204;236;;;;;;;
19.830787897109985;236;;;;;;;
19.83964204788208;236;;;;;;;
19.85563635826111;240;;;;;;;
19.863449096679688;236;;;;;;;
19.871471166610718;236;;;;;;;
19.883753538131714;238;;;;;;;
19.89594578742981;236;;;;;;;
19.90444326400757;238;;;;;;;
19.912850379943848;224;;;;;;;
19.921483755111694;236;;;;;;;
19.937533617019653;236;;;;;;;
19.945581912994385;236;;;;;;;
19.951311111450195;238;;;;;;;
19.96383571624756;236;;;;;;;
19.975363731384277;236;;;;;;;
19.981769323349;234;;;;;;;
19.983501195907593;236;;;;;;;
19.997832775115967;234;;;;;;;
20.015480518341064;222;;;;;;;
20.02323007583618;218;;;;;;;
20.035484313964844;238;;;;;;;
20.04370427131653;238;;;;;;;
20.055620431900024;236;;;;;;;
20.064595460891724;238;;;;;;;
20.076303720474243;232;;;;;;;
20.084356546401978;234;;;;;;;
20.096349239349365;236;;;;;;;
20.10481357574463;236;;;;;;;
20.117390632629395;240;;;;;;;
20.12563157081604;224;;;;;;;
20.137465238571167;242;;;;;;;
20.146220445632935;234;;;;;;;
20.1585111618042;242;;;;;;;
20.16660189628601;234;;;;;;;
20.178802490234375;232;;;;;;;
20.18708348274231;234;;;;;;;
20.195149421691895;232;;;;;;;
20.20729351043701;230;;;;;;;
20.22027611732483;238;;;;;;;
20.227964639663696;234;;;;;;;
20.235657215118408;244;;;;;;;
20.24831509590149;234;;;;;;;
20.260613679885864;238;;;;;;;
20.26822280883789;232;;;;;;;
20.27351474761963;232;;;;;;;
20.289215803146362;234;;;;;;;
20.301381826400757;238;;;;;;;
20.30942678451538;232;;;;;;;
20.317503929138184;224;;;;;;;
20.330184936523438;218;;;;;;;
20.342415809631348;242;;;;;;;
20.346591472625732;238;;;;;;;
20.356768131256104;238;;;;;;;
20.36656165122986;236;;;;;;;
20.38014531135559;238;;;;;;;
20.387665271759033;234;;;;;;;
20.39942455291748;238;;;;;;;
20.4082190990448;230;;;;;;;
20.420296907424927;238;;;;;;;
20.428809642791748;236;;;;;;;
20.44083881378174;242;;;;;;;
20.44765830039978;232;;;;;;;
20.461753845214844;236;;;;;;;
20.469430685043335;238;;;;;;;
20.481881856918335;236;;;;;;;
20.489896297454834;236;;;;;;;
20.50186848640442;236;;;;;;;
20.506721258163452;234;;;;;;;
20.506721258163452;222;;;;;;;
20.531330823898315;236;;;;;;;
20.544427156448364;238;;;;;;;
